{
  "n_docs": 5000,
  "vocab": 1000,
  "iters": 10,
  "ks": [
    20,
    50,
    100,
    200
  ],
  "variants": {
    "laplace_keep": {
      "time": [
        1.3647,
        3.9059,
        13.794,
        91.6225
      ],
      "rss": [
        230.046875,
        618.4375,
        1415.34375,
        3987.40625
      ]
    },
    "laplace_nokeep": {
      "time": [
        0.7007,
        2.409,
        8.6724,
        58.8754
      ],
      "rss": [
        187.390625,
        362.78125,
        380.546875,
        411.203125
      ]
    },
    "diagonal_keep": {
      "time": [
        0.6035,
        1.6623,
        3.8724,
        12.8205
      ],
      "rss": [
        230.125,
        619.375,
        1053.1875,
        3735.40625
      ]
    }
  }
}